attack,metric,category,preset,ssim,psnr,mse,l_inf,mae,abs_gain,param_name,param_val
ifgsm,spaq,0,1-2,0.992167082213962,47.5969942864857,1.9716331882120587e-05,0.00784313725490196,0.0035235397169921774,0.7856529715038676,alpha,0.0007843126884483477
ifgsm,spaq,1,2-3,0.9791105726340346,43.13947437638889,5.489520578329208e-05,0.01568627450980392,0.005701623764804134,1.1182198556772929,alpha,0.001568626072197761
ifgsm,spaq,2,4-5,0.9389522774739414,38.26879868181743,0.00016199076049048717,0.03137254901960784,0.0096271346943284,1.5059292540576248,alpha,0.00326284464336808
madc,spaq,0,5-6,0.9969622162015813,53.14148747514527,5.084548922878979e-06,0.00784313725490196,0.0014895592589171604,0.5797697071441811,lr,0.0009803891890329075
madc,spaq,1,6-7,0.9859707737604885,46.74278237761429,2.453491642233095e-05,0.01568627450980392,0.003410467099837876,0.8979668606455243,lr,0.001960781582696025
madc,spaq,2,7-8,0.9412025506833205,40.36191931679543,0.00011523986729298908,0.03137254901960784,0.0075565180902824654,1.242720991485888,lr,0.003921558548824352
madc,spaq,3,8-9,0.8198744807585691,34.11812449558146,0.0005034371913196336,0.06274509803921569,0.015930076265658573,1.5516342908506024,lr,0.007843129035691567
cnn-attack,spaq,0,-2--1,0.9658190904076597,46.21272027492201,7.355151424491694e-05,0.00784313725490196,0.006048352640643061,0.05898452206626004,Amplitude,0.01999990696380972
cnn-attack,spaq,1,-2--1,0.910891648320637,39.29420798269531,0.00019903569394749432,0.01568627450980392,0.01201357015180216,0.18402876035112103,Amplitude,0.03999986994145325
cnn-attack,spaq,2,-1-1,0.7947195715809533,33.370685577581185,0.000988175512516491,0.03137254901960784,0.023699561346992346,0.6324673453299959,Amplitude,0.07999986688892773
cnn-attack,spaq,3,-1-1,0.5581638729644987,26.799413394898345,0.0029252432296774608,0.06274509803921569,0.04690857795775854,1.6615805403624302,Amplitude,0.15999990811293918
diff-evolve-uap,spaq,1,0-1,0.9174183331358278,38.69237895321139,0.00016019593437184134,0.01568627450980392,0.010904717316193567,-0.048673140705457335,Amplitude,0.1568623090673373
diff-evolve-uap,spaq,2,2-3,0.7859822137862837,32.92980592634163,0.0005750082531350462,0.03137254901960784,0.020660473082814945,-0.08575572587042722,Amplitude,0.31372510932059344
diff-evolve-uap,spaq,3,5-6,0.5142744531476621,25.91358787136264,0.0025884522390070227,0.06274509803921569,0.04582895657452499,-0.09984405022243331,Amplitude,0.6274506436205435
stadv,spaq,0,3-4,0.9999991812566416,86.84253261938117,2.3251472683733928e-08,0.00784313725490196,1.305016680234833e-05,0.004658857998262348,lr,0.7059960720839249
stadv,spaq,1,4-5,0.9999972305121927,80.91160416069438,8.39776554422006e-08,0.01568627450980392,2.781720590599647e-05,0.009217448868396084,lr,0.8978502664183989
stadv,spaq,2,4-5,0.999992761136684,73.3121762061865,2.2368348485294226e-07,0.03137254901960784,5.767468254416109e-05,0.018121580031573353,lr,1.1947488857529944
stadv,spaq,3,5-6,0.9999664155761461,67.61424675519348,1.1637919452449328e-06,0.06274509803921569,0.00012191838948191964,0.03235767211089711,lr,1.5144502934453066
korhonen-et-al,spaq,0,3-4,0.9947177188988434,49.27012544478868,1.5066287131120012e-05,0.00784313725490196,0.0029699718350797814,0.5333754366987812,lr,0.0007778525157327717
korhonen-et-al,spaq,1,4-5,0.9843656837965111,44.33578456787936,4.685401127014948e-05,0.01568627450980392,0.005111469487418076,0.7785976756938868,lr,0.0015605405328561637
korhonen-et-al,spaq,2,5-6,0.954795586211471,39.40445432077542,0.00014521403314152442,0.03137254901960784,0.008820761812350749,1.1072689144997003,lr,0.003132021384892888
korhonen-et-al,spaq,3,6-7,0.8793549332412285,34.34032085586947,0.00046002770704608396,0.06274509803921569,0.015519877849425824,1.5146889029514976,lr,0.006294442801901538
uap,spaq,0,-1-0,0.9733764277059683,44.00604139578445,4.886965556102457e-05,0.00784313725490196,0.006206626479222491,-0.034560369953666396,Amplitude,0.0784308509798706
uap,spaq,1,0-1,0.9123025536080804,37.92660352020434,0.0001889898506646464,0.01568627450980392,0.012309599366205057,-0.005740227880248014,Amplitude,0.15686230906733734
uap,spaq,2,2-3,0.7659950370195427,31.675784681207347,0.000708482658742163,0.03137254901960784,0.024365813085457894,0.35857604147277455,Amplitude,0.31372510932059344
uap,spaq,3,5-6,0.5363942154692972,25.727499284410154,0.0026946054749306184,0.06274509803921569,0.04753394320975104,1.4975817881825755,Amplitude,0.6274506436205433
ssah,spaq,0,4-5,0.993167721741026,48.23471150139585,1.5420350192700177e-05,0.00784313725490196,0.0032273085162224154,0.6307163653535257,lr,0.000772985768059117
ssah,spaq,1,5-6,0.9826094622886643,44.14868844790282,4.1945141817885654e-05,0.01568627450980392,0.005028857419257432,0.8760513906160023,lr,0.0015481482314953614
ssah,spaq,2,6-7,0.9563253412061345,39.89061805503753,0.0001104895230862147,0.03137254901960784,0.0078839335656809,1.1616771335805325,lr,0.003105264968609826
ssah,spaq,3,8-9,0.8951536428531576,35.57648388889955,0.0002859853699350209,0.06274509803921569,0.012347884039560064,1.4270109355743854,lr,0.0062379584742566566
grad-est,spaq,0,-2-0,0.9813119445093427,46.25418698917057,2.7997921421623588e-05,0.00784313725490196,0.004421561156037847,0.04353248459395849,eps,0.007843123246226276
grad-est,spaq,1,1-2,0.9402308833773172,40.26914923859202,9.862082549687496e-05,0.01568627450980392,0.008517684797182937,0.14600702115153913,eps,0.01568625387958473
grad-est,spaq,2,3-4,0.8378038210749172,34.64915683681011,0.0003573365907918783,0.03137254901960784,0.01606420851567448,0.3937628323676762,eps,0.03137253394199675
grad-est,spaq,3,5-6,0.7278649054629863,30.930415996399645,0.0008170241110790116,0.06274509803921569,0.02300792420577642,0.6294202268316866,eps,0.06274507912772695
zhang-et-al-dists,spaq,0,3-4,0.9904762619111046,47.58868430563792,2.1688087826732452e-05,0.00784313725490196,0.00379761608522001,0.6336778880136149,lr,0.0007731463514841566
zhang-et-al-dists,spaq,1,4-5,0.9725321559620462,42.76983600136933,6.589482797289125e-05,0.01568627450980392,0.006443392136074399,0.9148263827267917,lr,0.0015484359251087244
zhang-et-al-dists,spaq,2,5-6,0.9230446254230432,37.85344789513572,0.00020432615576544504,0.03137254901960784,0.011106817187417142,1.2838736638119808,lr,0.0031041309181323133
zhang-et-al-dists,spaq,3,6-7,0.8066363802717162,32.669799157146755,0.0006672709811570034,0.06274509803921569,0.01984857549508392,1.7211081996803537,lr,0.006229202119511525
square-attack,spaq,0,-2-0,0.991530556422046,47.95801431706998,1.9320520841056642e-05,0.00784313725490196,0.002270274734750559,0.09735793583197726,eps,0.007843123413085283
square-attack,spaq,1,1-2,0.9765041831021728,41.90808394208047,6.784879144075877e-05,0.01568627450980392,0.0042579686059603635,0.1473511063987351,eps,0.015686254173282427
square-attack,spaq,2,3-4,0.9476531358545762,36.54344069163887,0.00023639905723267328,0.03137254901960784,0.0074484259275725585,0.20415171846875915,eps,0.03137253412354922
square-attack,spaq,3,5-6,0.9064301376563901,31.307500356493613,0.0008073626721869572,0.06274509803921569,0.012807249570424773,0.2646484775277677,eps,0.06274507928498864
ifgsm,niqe,0,1-2,0.9944734615151527,50.06974992545416,1.1189988646084811e-05,0.00784313725490196,0.002475779313496334,-0.012887288042741134,alpha,0.0007843126884483477
ifgsm,niqe,1,2-3,0.984113086495586,45.383028258375134,3.2376701158583264e-05,0.01568627450980392,0.004167568472231772,0.01079129694015699,alpha,0.001568626072197761
ifgsm,niqe,2,4-5,0.9477449909699569,39.94095114759269,0.00010881268946223167,0.03137254901960784,0.0075969826170401294,0.01130421082727974,alpha,0.00326284464336808
madc,niqe,0,5-6,0.9974810879205085,54.44974655242977,3.9482578312516094e-06,0.00784313725490196,0.001211938674144073,-0.018974779384226714,lr,0.00099785251564713
madc,niqe,1,6-7,0.9856458334750853,47.24048085935608,2.3905431898713397e-05,0.01568627450980392,0.0032747136046111626,-0.003950394612363656,lr,0.0019957067338668526
madc,niqe,2,7-8,0.9337065530943268,40.068117182231255,0.00013651009012458255,0.03137254901960784,0.008120454375000457,0.013368433151259025,lr,0.003991408167793504
madc,niqe,3,8-9,0.8027199439189543,33.48472997478927,0.0006156556800326686,0.06274509803921569,0.017450860449462997,0.03820229431932462,lr,0.007982828866156493
cnn-attack,niqe,0,-2--1,0.9526454859958651,44.89266646772712,9.977781304616974e-05,0.00784313725490196,0.00738959142763275,0.9633032204792115,Amplitude,0.019999906300176156
cnn-attack,niqe,1,-2--1,0.8756631454411944,37.97277941172712,0.0002700486661196677,0.01568627450980392,0.014675208770172147,2.7405625092706627,Amplitude,0.03999986870024685
cnn-attack,niqe,2,-1-2,0.7665510149226444,32.60600360722324,0.0016252310992148006,0.03137254901960784,0.02838749389900512,5.08613084582039,Amplitude,0.07999985063755011
cnn-attack,niqe,3,-1-2,0.5782290527150966,27.5212305857382,0.0050120366543336126,0.06274509803921569,0.05523941965882065,8.971284561400921,Amplitude,0.15999985260436023
diff-evolve-uap,niqe,1,0-1,0.9396459747513332,40.12032517466219,0.00011403523341659661,0.01568627450980392,0.008837326014465578,0.01223873171387869,Amplitude,0.1568623090673373
diff-evolve-uap,niqe,2,2-3,0.8202742198161677,33.88566888334677,0.00042600285969152964,0.03137254901960784,0.01745492190442162,0.037856827605176974,Amplitude,0.31372510932059344
diff-evolve-uap,niqe,3,5-6,0.5994414319909904,27.923432705515477,0.0016265031284452389,0.06274509803921569,0.034183518821780806,0.08847980109020019,Amplitude,0.6274506436205435
korhonen-et-al,niqe,0,3-4,0.997907584497442,53.8602618009639,5.4767387409362754e-06,0.00784313725490196,0.001492533128142282,-0.024662517680868044,lr,0.0008133208935721787
korhonen-et-al,niqe,1,4-5,0.9933494863005892,48.99338587653042,1.729544900999263e-05,0.01568627450980392,0.002624116460179813,-0.017833180458164108,lr,0.0016657027646607312
korhonen-et-al,niqe,2,5-6,0.9767590979115209,43.60388490536715,6.170809858466059e-05,0.03137254901960784,0.004959433415354938,-0.010354203433999142,lr,0.0034435710181091117
korhonen-et-al,niqe,3,6-7,0.9227692162833067,37.71653131367521,0.0002423808916099589,0.06274509803921569,0.009878186677683825,-0.003998165536129365,lr,0.007135041737726017
uap,niqe,0,-1-1,0.9838257072160969,48.46238375949949,3.044893732088141e-05,0.00784313725490196,0.0031280238602159954,-0.0010986275944168695,Amplitude,0.07843085386819768
uap,niqe,1,-1-1,0.9532953092768677,41.99682432025132,9.147666905106496e-05,0.01568627450980392,0.0062162335741101065,0.01007117997418162,Amplitude,0.15686231281662133
uap,niqe,2,2-3,0.8734310311844129,35.08736130399981,0.00032291250452258936,0.03137254901960784,0.012297780678278719,0.04839554006919288,Amplitude,0.31372510932059344
uap,niqe,3,5-6,0.7303497811828628,29.120160886581793,0.0012339390978923742,0.06274509803921569,0.024097345635821842,0.11207381428014851,Amplitude,0.6274506436205433
ssah,niqe,0,4-5,0.9963125917576157,51.811478794267636,6.9713157024711494e-06,0.00784313725490196,0.0019100887923809875,-0.019783236052175475,lr,0.0007788047291871086
ssah,niqe,1,5-6,0.9902616083132928,48.07769545065682,1.7526014740628495e-05,0.01568627450980392,0.0028988777696398226,-0.019929922915744344,lr,0.0015857344796646887
ssah,niqe,2,6-7,0.9718235883223835,43.44208952347688,4.982958175987092e-05,0.03137254901960784,0.0048586742872592575,-0.020216679031438804,lr,0.003256820613587092
ssah,niqe,3,8-9,0.9170188037739464,38.39956513372425,0.00016616003065247274,0.06274509803921569,0.00866734938660307,0.01585599289686976,lr,0.006676070930249276
grad-est,niqe,0,-2-0,0.9817013940624306,46.38399104208686,2.7024102432929642e-05,0.00784313725490196,0.004332224849761734,-0.026439446933763256,eps,0.007843123246226276
grad-est,niqe,1,1-2,0.9416703345760957,40.507634601524714,9.310171775888014e-05,0.01568627450980392,0.008221996129016352,-0.03654124803711746,eps,0.01568625387958473
grad-est,niqe,2,3-4,0.8427935190335336,34.98626861931108,0.0003290972649401281,0.03137254901960784,0.015317944656283123,-0.06797660364180816,eps,0.03137253394199675
grad-est,niqe,3,5-6,0.7430909903772014,31.60052441318979,0.0006948747355354364,0.06274509803921569,0.02120508962513509,-0.08744342810717826,eps,0.06274507912772695
zhang-et-al-dists,niqe,0,3-4,0.9942958729025756,50.41982299192799,1.0902269719025645e-05,0.00784313725490196,0.0025568473827031106,-0.021801272040676386,lr,0.0007789129048242353
zhang-et-al-dists,niqe,1,4-5,0.9821748640276955,45.69435476047182,3.397997081131995e-05,0.01568627450980392,0.0044148657599363626,-0.019501130980151993,lr,0.001571651649264372
zhang-et-al-dists,niqe,2,5-6,0.9411471938276912,40.24436092192334,0.000124118692059837,0.03137254901960784,0.008345221887067867,-0.015948248748500607,lr,0.003176364796791494
zhang-et-al-dists,niqe,3,6-7,0.8307009263445948,34.27932229689303,0.000490135830931013,0.06274509803921569,0.01661365322009133,0.009535536866416533,lr,0.0064015279262159405
square-attack,niqe,0,-2-0,0.991006398210388,48.0140886058163,1.9335376094522757e-05,0.00784313725490196,0.0022599812017115514,-0.05088338420029868,eps,0.007843123413085283
square-attack,niqe,1,1-2,0.9720161231470555,41.65434867103325,7.233950534724468e-05,0.01568627450980392,0.004521298538529599,-0.08206937440390119,eps,0.015686254173282427
square-attack,niqe,2,3-4,0.9274331223435381,35.70358311201673,0.0002854477822473818,0.03137254901960784,0.008945815902682504,-0.10383429758301857,eps,0.03137253412354922
square-attack,niqe,3,5-6,0.8640252528436333,29.862708317665522,0.001093726062817605,0.06274509803921569,0.017292801899065735,-0.11393184011278579,eps,0.06274507928498864
ifgsm,meta-iqa,0,1-2,0.9919041671810044,47.528750068646914,2.005542145082425e-05,0.00784313725490196,0.00357112129718236,0.5167611776494339,alpha,0.0007843126884483477
ifgsm,meta-iqa,1,2-3,0.9786502867666592,43.07190576622643,5.591699190842874e-05,0.01568627450980392,0.005778267454703477,0.6208694603417135,alpha,0.001568626072197761
ifgsm,meta-iqa,2,4-5,0.9375969786298481,38.21351163627723,0.00016389738287721556,0.03137254901960784,0.009731262012482544,0.6745253556497445,alpha,0.00326284464336808
madc,meta-iqa,0,5-6,0.9966555256059509,52.695182382602624,5.607027191899498e-06,0.00784313725490196,0.0016292584130730503,0.40421866100999315,lr,0.0009803891890329075
madc,meta-iqa,1,6-7,0.9845972418840555,46.34449652615339,2.6773350831609372e-05,0.01568627450980392,0.003655408318826858,0.5519057076392143,lr,0.001960781582696025
madc,meta-iqa,2,7-8,0.9378543219279875,40.10214724358812,0.00012078605642498795,0.03137254901960784,0.007866473399252345,0.6383183404807952,lr,0.003921558548824352
madc,meta-iqa,3,8-9,0.8157763466580454,34.01445158867364,0.0005083971386433833,0.06274509803921569,0.016183706466564363,0.6779298386447082,lr,0.007843129035691567
cnn-attack,meta-iqa,0,-2--1,0.962733910530736,45.93509352502248,7.967620756024525e-05,0.00784313725490196,0.0063451576733053235,0.09932900486833436,Amplitude,0.019999906581314
cnn-attack,meta-iqa,1,-2--1,0.902301294666051,38.95888618860178,0.00021616234394161206,0.01568627450980392,0.012670956101023641,0.2847138159478388,Amplitude,0.0399998687939604
cnn-attack,meta-iqa,2,-1-0,0.7585303254232441,31.93627102707729,0.0007766301013957424,0.03137254901960784,0.024924841240238225,0.527871272407485,Amplitude,0.07999985255798696
cnn-attack,meta-iqa,3,0-1,0.5318491393048967,25.915658330453134,0.0029640856444076913,0.06274509803921569,0.04893462914473533,0.6575685557339654,Amplitude,0.15999990068159387
diff-evolve-uap,meta-iqa,1,0-1,0.930844634648259,39.64453629499661,0.0001326395109009692,0.01568627450980392,0.009556060270817504,0.0020446047843650996,Amplitude,0.1568623090673373
diff-evolve-uap,meta-iqa,2,2-3,0.8466422627541442,34.732061301123615,0.00033957154268995796,0.03137254901960784,0.015544650825488086,0.00037797407757784226,Amplitude,0.31372510932059344
diff-evolve-uap,meta-iqa,3,5-6,0.5417644703943452,26.565910348665803,0.0022535304537121157,0.06274509803921569,0.04172045358194959,0.015487181841099817,Amplitude,0.6274506436205435
stadv,meta-iqa,0,3-4,0.9999987018830684,85.68582857244692,3.7936303022550615e-08,0.00784313725490196,1.7027221534835952e-05,0.0025169167388197984,lr,0.6596078839684949
stadv,meta-iqa,1,4-5,0.9999929711048022,79.35086051456838,2.320240067017055e-07,0.01568627450980392,3.686023580509246e-05,0.004953933455881059,lr,0.8251569012990568
stadv,meta-iqa,2,4-5,0.9999759152651096,74.48329803838294,8.207814658113651e-07,0.03137254901960784,7.995049417240739e-05,0.00972355571574619,lr,0.998026240582267
stadv,meta-iqa,3,5-6,0.9999252468722619,65.8361559080562,2.5882641397219252e-06,0.06274509803921569,0.00016877305594571528,0.018835202451735825,lr,1.3158932213132633
korhonen-et-al,meta-iqa,0,3-4,0.9952037726483892,49.66691389023637,1.398325606364255e-05,0.00784313725490196,0.002837784438163654,0.36942819324423537,lr,0.0007837398003473562
korhonen-et-al,meta-iqa,1,4-5,0.9859884529990415,44.72390788103563,4.330918836535282e-05,0.01568627450980392,0.004897591329406115,0.494169283373441,lr,0.0015804360663148314
korhonen-et-al,meta-iqa,2,5-6,0.9593553700391727,39.810585253633725,0.00013346353710245136,0.03137254901960784,0.008462295287092407,0.59461439705186,lr,0.0032196574634429528
korhonen-et-al,meta-iqa,3,6-7,0.8865551443955002,34.71758652949051,0.00043226384185776894,0.06274509803921569,0.015075979088878142,0.6518229209011897,lr,0.0066452142510348864
uap,meta-iqa,0,-1-0,0.9753986093600915,44.41491216392642,4.4512178978298284e-05,0.00784313725490196,0.005828779621177037,0.009201879853512573,Amplitude,0.0784308509798706
uap,meta-iqa,1,0-1,0.9181197642077531,38.35107155945637,0.000171421952710668,0.01568627450980392,0.011528064239752545,0.14384163328233712,Amplitude,0.15686230906733734
uap,meta-iqa,2,2-3,0.773796995378039,32.08509974223955,0.0006456054231901844,0.03137254901960784,0.02285983198664424,0.45451173540245227,Amplitude,0.31372510932059344
uap,meta-iqa,3,5-6,0.5449449235368837,26.127555244611955,0.00246086057789977,0.06274509803921569,0.04466927003721413,0.6281395360027882,Amplitude,0.6274506436205433
ssah,meta-iqa,0,4-5,0.99344410512391,48.47688511685252,1.462286586675705e-05,0.00784313725490196,0.0031352296905232924,0.4443684000418776,lr,0.0007740023037638452
ssah,meta-iqa,1,5-6,0.983795751346625,44.491532989866165,3.885213750915399e-05,0.01568627450980392,0.004824874386391252,0.5409917828024285,lr,0.0015527233170753133
ssah,meta-iqa,2,6-7,0.9595866895993422,40.32591774606321,0.00010002817246074864,0.03137254901960784,0.007463682332219423,0.6043224065995619,lr,0.003121960627743859
ssah,meta-iqa,3,8-9,0.9029188695294349,36.16067457414591,0.0002518901092063079,0.06274509803921569,0.011456997665907484,0.6369572862212733,lr,0.006328407771756423
grad-est,meta-iqa,0,-2-0,0.9810409312349275,46.21824293640936,2.8315274593772724e-05,0.00784313725490196,0.0044504908525565285,0.02726071066926322,eps,0.007843123246226276
grad-est,meta-iqa,1,1-2,0.9382914415125146,40.141443816287165,0.00010179052448922095,0.01568627450980392,0.008685993384717814,0.08921403159742412,eps,0.01568625387958473
grad-est,meta-iqa,2,3-4,0.8314011884826349,34.450792282989234,0.0003736196874364278,0.03137254901960784,0.016531118376040217,0.2395866405404042,eps,0.03137253394199675
grad-est,meta-iqa,3,5-6,0.718244924312194,30.78689930225789,0.0008420538460530516,0.06274509803921569,0.02352819122740688,0.3497271094099593,eps,0.06274507912772695
zhang-et-al-dists,meta-iqa,0,3-4,0.9904853767828107,47.653350462007424,2.1352253077926062e-05,0.00784313725490196,0.0037783785382108828,0.44468850471253807,lr,0.0007746180963459669
zhang-et-al-dists,meta-iqa,1,4-5,0.9730231710007752,42.8802105121192,6.401471018438915e-05,0.01568627450980392,0.006394437810169247,0.5624103679504553,lr,0.001557037618557126
zhang-et-al-dists,meta-iqa,2,5-6,0.9235954384567974,37.99049875027566,0.00019823832522559455,0.03137254901960784,0.011046300827480673,0.6393354224544168,lr,0.0031462157290875334
zhang-et-al-dists,meta-iqa,3,6-7,0.8034497340673841,32.75510889630964,0.0006635197319285545,0.06274509803921569,0.019986872303295045,0.6739919945548006,lr,0.0063714159422899415
square-attack,meta-iqa,0,-2-0,0.99168085783568,47.99266363484215,1.917830491136673e-05,0.00784313725490196,0.0022541196756644824,0.06547214940316998,eps,0.007843123413085283
square-attack,meta-iqa,1,1-2,0.9776036595178292,41.97927947403869,6.692957970490806e-05,0.01568627450980392,0.004198915095092898,0.1014261032548957,eps,0.015686254173282427
square-attack,meta-iqa,2,3-4,0.9521367392584215,36.637712157929855,0.0002315374396434765,0.03137254901960784,0.0073087263318898175,0.13134898285050475,eps,0.03137253412354922
square-attack,meta-iqa,3,5-6,0.9219312055505858,31.579220771616605,0.0007600848048164063,0.06274509803921569,0.012096832064157726,0.15395897224830457,eps,0.06274507928498864
ifgsm,koncept,0,1-2,0.9896818997602516,46.68174512302394,2.4055953681538748e-05,0.00784313725490196,0.003959443769240404,0.5739992651247856,alpha,0.0007843126884483477
ifgsm,koncept,1,2-3,0.9718760056487751,41.96364614469965,7.101104298226758e-05,0.01568627450980392,0.006595031928196707,0.8180566749157667,alpha,0.001568626072197761
ifgsm,koncept,2,4-5,0.9222028151467065,36.992328343485774,0.00021464096248760203,0.03137254901960784,0.011244408907644488,1.3209278883613724,alpha,0.00326284464336808
madc,koncept,0,5-6,0.9984547991789152,56.01734831604389,2.60478709147475e-06,0.00784313725490196,0.000741909150299211,0.4377926502578508,lr,0.0009803892296183104
madc,koncept,1,6-7,0.9928382199907908,49.786579981130544,1.212139928622846e-05,0.01568627450980392,0.0017002109157562943,0.6443700813196627,lr,0.00196078164535565
madc,koncept,2,7-8,0.968174924524867,43.303268295172685,5.957428738353491e-05,0.03137254901960784,0.00406473386454241,1.002946945975638,lr,0.003921558570464065
madc,koncept,3,8-9,0.8918040616366194,36.82639610003935,0.0002771909293083868,0.06274509803921569,0.009360055136954624,1.5801192566479492,lr,0.007843129035691567
cnn-attack,koncept,0,-2--1,0.9651524465258444,46.41031093562537,7.034481077060213e-05,0.00784313725490196,0.005873082831436163,0.0033738382856136244,Amplitude,0.019999906873919733
cnn-attack,koncept,1,-2--1,0.9085890126080196,39.48445485769054,0.00019041768944503165,0.01568627450980392,0.011671622735372372,0.01360775693516229,Amplitude,0.03999987042148617
cnn-attack,koncept,2,-1-0,0.7681656501347319,32.4241586623169,0.0006981656334176555,0.03137254901960784,0.023222698811053797,0.10775400995484591,Amplitude,0.07999985301699598
cnn-attack,koncept,3,0-1,0.5393492372007056,26.411303132349147,0.002635790668160243,0.06274509803921569,0.045382842844876134,0.32176767507424353,Amplitude,0.15999990043296136
diff-evolve-uap,koncept,1,0-1,0.9118130947215746,38.55083703430451,0.00017345986208240112,0.01568627450980392,0.011376147652165994,-0.04359611390756777,Amplitude,0.1568623090673373
diff-evolve-uap,koncept,2,2-3,0.7892873786855019,32.95054186523817,0.0005319959811574275,0.03137254901960784,0.019953230300869523,-0.08298924550158383,Amplitude,0.31372510932059344
diff-evolve-uap,koncept,3,5-7,0.5749845623112158,27.308958388375256,0.002021737641048885,0.06274509803921569,0.038249934080027956,-0.1269360132351444,Amplitude,0.6274506482898234
stadv,koncept,0,3-4,0.9999995888120382,90.75679249090109,1.3282909271000192e-08,0.00784313725490196,7.466022277243173e-06,0.003358561376220895,lr,0.6184815773137614
stadv,koncept,1,4-5,0.9999985057035794,83.46714072363673,5.29621968408667e-08,0.01568627450980392,1.634354637926801e-05,0.0066868033122862505,lr,0.837648995179112
stadv,koncept,2,4-5,0.9999948383881035,76.8842840424949,1.9521102639202832e-07,0.03137254901960784,3.7715002614695685e-05,0.013444803091521126,lr,1.1633257178156065
stadv,koncept,3,5-6,0.9999346589546639,71.18726546801642,2.383260795105303e-06,0.06274509803921569,9.580317857374487e-05,0.028623360446661916,lr,1.5482839862585829
korhonen-et-al,koncept,0,3-4,0.9956835596336697,50.20500457434482,1.2112449648269163e-05,0.00784313725490196,0.0024469450795481,0.4259253124959441,lr,0.0007836799354853368
korhonen-et-al,koncept,1,4-5,0.9877389858950159,45.3456638116967,3.682365081211848e-05,0.01568627450980392,0.004165511595040991,0.5691859040211888,lr,0.0015720068625404804
korhonen-et-al,koncept,2,5-6,0.9662460838150587,40.54975361515869,0.00011142835366510885,0.03137254901960784,0.007060612901951908,0.7653979850905512,lr,0.0031461315726799472
korhonen-et-al,koncept,3,6-7,0.9116979759912904,35.56035686299804,0.0003512202681296244,0.06274509803921569,0.012301174737391136,1.1079825204922806,lr,0.006304714179620988
uap,koncept,0,-1-0,0.9735528835270117,44.172565297297,4.7034073681722186e-05,0.00784313725490196,0.005984180303952011,-0.010020166614981382,Amplitude,0.0784308509798706
uap,koncept,1,0-1,0.9117625953849428,38.08152458867697,0.0001825354419825943,0.01568627450980392,0.011895209989124734,-0.011456324032253983,Amplitude,0.15686230906733734
uap,koncept,2,2-3,0.7624426003962502,31.84150832960428,0.0006816002477521547,0.03137254901960784,0.023490462347223368,0.01798540916468304,Amplitude,0.31372510932059344
uap,koncept,3,5-6,0.5293896844227892,25.900767225927922,0.002589181124398162,0.06274509803921569,0.04578828436947553,0.13811435631981966,Amplitude,0.6274506436205433
ssah,koncept,0,4-5,0.9938590055795057,48.90879000224616,1.3170375415874734e-05,0.00784313725490196,0.0028221989459539134,0.4800934618989612,lr,0.0007738813006605195
ssah,koncept,1,5-6,0.9853822270964008,45.10006751711907,3.337067179140751e-05,0.01568627450980392,0.004195404824783715,0.6044873322690483,lr,0.0015493488790566182
ssah,koncept,2,6-7,0.9655265518894973,41.104542914633974,8.351897523808176e-05,0.03137254901960784,0.006341400023772303,0.7666927036788614,lr,0.0031054927466149253
ssah,koncept,3,8-9,0.9220879122930072,37.02846077140951,0.00020772416111215064,0.06274509803921569,0.009730731687953478,1.0150914811731226,lr,0.006233135663714459
grad-est,koncept,0,-2-0,0.9811056690426113,46.23887272010516,2.8163094149420256e-05,0.00784313725490196,0.004435063897137044,0.04381542240008226,eps,0.007843123246226276
grad-est,koncept,1,1-2,0.9384080618745271,40.171937931111884,0.00010115995182011594,0.01568627450980392,0.008647143365230037,0.15671809731296285,eps,0.01568625387958473
grad-est,koncept,2,3-4,0.8291168094342692,34.40375387851767,0.0003785284376712614,0.03137254901960784,0.01665028024130516,0.37091424540068263,eps,0.03137253394199675
grad-est,koncept,3,5-6,0.7117199032362198,30.59187115365863,0.0008818800359980257,0.06274509803921569,0.02407815331708192,0.5283831409353253,eps,0.06274507912772695
zhang-et-al-dists,koncept,0,3-4,0.9911453734955799,47.974655771136824,1.9551805410741857e-05,0.00784313725490196,0.0035488641517707423,0.47832152795710303,lr,0.0007747120813884182
zhang-et-al-dists,koncept,1,4-5,0.9751694879546705,43.260770582590006,5.8156585223078904e-05,0.01568627450980392,0.005972080040317318,0.6335684373366407,lr,0.0015512634845367456
zhang-et-al-dists,koncept,2,5-6,0.929763524851283,38.3486288477145,0.00018292570676840033,0.03137254901960784,0.010379399051213784,0.8730221159154308,lr,0.0031059367245699562
zhang-et-al-dists,koncept,3,6-7,0.8174943890879762,33.0066707634362,0.0006236578946195728,0.06274509803921569,0.019018482120067758,1.3028301647779474,lr,0.00622493310835371
square-attack,koncept,0,-2-0,0.9916700972828747,47.97289192111354,1.9364159527775043e-05,0.00784313725490196,0.0022721229842025963,0.07414854128656134,eps,0.007843123413085283
square-attack,koncept,1,1-2,0.9762698339782085,41.83616817094132,6.919893161304533e-05,0.01568627450980392,0.004339757261010699,0.1211305823570692,eps,0.015686254173282427
square-attack,koncept,2,3-4,0.9428337440077045,36.25782824706693,0.00025272200044249824,0.03137254901960784,0.007955775949060932,0.18288559804035942,eps,0.03137253412354922
square-attack,koncept,3,5-6,0.8938158944401867,30.700484766233526,0.0009141155656408744,0.06274509803921569,0.014484273461421525,0.26168672460726805,eps,0.06274507928498864
ifgsm,paq2piq,0,1-2,0.988998756966803,46.48108474714066,2.496147113599109e-05,0.00784313725490196,0.004094252260603887,0.5208077018372099,alpha,0.0007843126884483477
ifgsm,paq2piq,1,2-3,0.9700250734457707,41.74710506496291,7.383884795366224e-05,0.01568627450980392,0.00682879954104068,0.7717497969909513,alpha,0.001568626072197761
ifgsm,paq2piq,2,4-5,0.9191211341812526,36.81171610015403,0.00022175281286416525,0.03137254901960784,0.011575733949465303,1.0922208761798378,alpha,0.00326284464336808
madc,paq2piq,0,5-6,0.9984838424949057,54.830465518267786,3.4339274164887687e-06,0.00784313725490196,0.0010154305402957234,0.32853782209569093,lr,0.0009803891890329075
madc,paq2piq,1,6-7,0.993162415657511,48.68796477943876,1.5592237755088426e-05,0.01568627450980392,0.0022718693653729135,0.556192502907745,lr,0.001960781582696025
madc,paq2piq,2,7-8,0.9673990050204138,42.23567081603818,7.597295003215011e-05,0.03137254901960784,0.005369287075194464,0.8563380014921744,lr,0.003921558548824352
madc,paq2piq,3,8-9,0.8695754128511866,35.63388259730122,0.00037033456164179107,0.06274509803921569,0.012579686667813526,1.200327181896502,lr,0.007843129035691567
cnn-attack,paq2piq,0,-2--1,0.9629563134965403,45.69721847518636,8.294817976380929e-05,0.00784313725490196,0.006535480346243152,0.07695498864392702,Amplitude,0.019999906491424007
cnn-attack,paq2piq,1,-2--1,0.9031188730483105,38.77065018454169,0.00022454723845353872,0.01568627450980392,0.012989209403160094,0.2307368033069774,Amplitude,0.03999986927399326
cnn-attack,paq2piq,2,-1-0,0.7591660117157457,31.74092870127508,0.00081508980868663,0.03137254901960784,0.02568070195280408,0.7051906127871094,Amplitude,0.0799998519459937
cnn-attack,paq2piq,3,0-1,0.5336931920155616,25.73242729227787,0.0030849414206136896,0.06274509803921569,0.05021610646746629,1.281116303053449,Amplitude,0.15999990018432886
diff-evolve-uap,paq2piq,1,0-1,0.9149713725682788,38.688607047546284,0.0001712863384406292,0.01568627450980392,0.011200275314858007,-0.009352913004842513,Amplitude,0.1568623090673373
diff-evolve-uap,paq2piq,2,2-3,0.7729671799075823,32.44420908380406,0.0006043661386220887,0.03137254901960784,0.021721905890480838,-0.024813898669302975,Amplitude,0.31372510932059344
diff-evolve-uap,paq2piq,3,5-6,0.5515288032971917,26.66157394639363,0.002182102888712978,0.06274509803921569,0.04121718127550933,0.0655043960436354,Amplitude,0.6274506436205435
stadv,paq2piq,0,2-3,0.9999985417270606,92.94196510368312,4.0706289515882316e-08,0.00784313725490196,8.38478428971991e-06,0.0055965314482423235,lr,0.41583225777684346
stadv,paq2piq,1,3-4,0.9999965705536467,84.83965326303624,1.067651737127002e-07,0.01568627450980392,1.750790989108e-05,0.00899534113027363,lr,0.593179075616096
stadv,paq2piq,2,4-5,0.9999123698279132,76.48465376384898,2.210672456678192e-06,0.03137254901960784,5.192989396346655e-05,0.01564279481091676,lr,0.8258964990758669
stadv,paq2piq,3,4-5,0.9995699605805247,70.84841312314069,1.0676352490771859e-05,0.06274509803921569,0.00015552792828629406,0.032190107728329746,lr,1.0411812780287613
korhonen-et-al,paq2piq,0,3-4,0.9955811755573677,49.57716255281336,1.4432671700654469e-05,0.00784313725490196,0.0028026703819695256,0.3582369802210733,lr,0.0007782808399814285
korhonen-et-al,paq2piq,1,4-5,0.98685284020435,44.514155459602605,4.6088241525538254e-05,0.01568627450980392,0.0048977671052067955,0.5348573341683394,lr,0.0015588850559225625
korhonen-et-al,paq2piq,2,5-6,0.9627378624722156,39.52534610572105,0.00014439247371276644,0.03137254901960784,0.008498840371964446,0.757364764379499,lr,0.0031285269357650856
korhonen-et-al,paq2piq,3,6-7,0.9022961302545561,34.49692830081948,0.0004527079852036035,0.06274509803921569,0.014859877859841669,1.0261923462317157,lr,0.006290208938324706
uap,paq2piq,0,-1-1,0.9647858167640735,44.56357012991677,7.461409886182247e-05,0.00784313725490196,0.006685511511785157,0.016849736560798308,Amplitude,0.07843085325409549
uap,paq2piq,1,-1-1,0.8997683408031294,38.10508709884586,0.00022404837524535423,0.01568627450980392,0.013269247848988527,0.07817552720234466,Amplitude,0.15686231050841132
uap,paq2piq,2,2-3,0.7463912127970059,31.21232343753396,0.0007882145517570638,0.03137254901960784,0.026163617661131424,0.514504334356207,Amplitude,0.31372510932059344
uap,paq2piq,3,5-6,0.5095698648917752,25.254942248955373,0.0030073756489539007,0.06274509803921569,0.05114292698942234,1.351888371852066,Amplitude,0.6274506436205433
ssah,paq2piq,0,4-5,0.9933011932004904,48.22476656237587,1.5390331419977474e-05,0.00784313725490196,0.0031844928339973665,0.4179115230670037,lr,0.0007729135337267603
ssah,paq2piq,1,5-6,0.9831806755499441,44.16812076759848,4.1639997933565324e-05,0.01568627450980392,0.004910279040030288,0.5623446118483401,lr,0.0015473320034892827
ssah,paq2piq,2,6-7,0.9601595199387571,40.0758578055226,0.00010617147154865219,0.03137254901960784,0.007474710570130549,0.7203512201470267,lr,0.003099930682699575
ssah,paq2piq,3,8-9,0.9136288544092686,36.11284050453804,0.0002546996190199042,0.06274509803921569,0.011094986412605912,0.8767745447050029,lr,0.006220531789143583
grad-est,paq2piq,0,-2-0,0.9810913699603633,46.206349339949675,2.8407893967042822e-05,0.00784313725490196,0.00446059639496234,0.03137971233460719,eps,0.007843123246226276
grad-est,paq2piq,1,1-2,0.939241366489104,40.11974281360779,0.00010239363127861068,0.01568627450980392,0.008713785726587864,0.08525551331553735,eps,0.01568625387958473
grad-est,paq2piq,2,3-4,0.8320446465706992,34.3568400868072,0.0003824743962188886,0.03137254901960784,0.01675344962044989,0.20395595836149824,eps,0.03137253394199675
grad-est,paq2piq,3,5-6,0.7150475581392326,30.529621244404666,0.0008946016119219407,0.06274509803921569,0.02423675567583408,0.3259909751760494,eps,0.06274507912772695
zhang-et-al-dists,paq2piq,0,3-4,0.9896630240170672,47.19653974612699,2.3761832744895235e-05,0.00784313725490196,0.004011694143204216,0.43827408994913397,lr,0.0007731118764836337
zhang-et-al-dists,paq2piq,1,4-5,0.9712367923862127,42.35247971610534,7.264999729588921e-05,0.01568627450980392,0.00682296234890886,0.6326215290086239,lr,0.0015477018553904688
zhang-et-al-dists,paq2piq,2,5-6,0.921934577245831,37.44533610177262,0.00022504452124905762,0.03137254901960784,0.01174296605967817,0.8742175486064971,lr,0.0030999401360705123
zhang-et-al-dists,paq2piq,3,6-7,0.8062400493001862,32.28806156659684,0.0007275989158676307,0.06274509803921569,0.02087084813709123,1.1663434927698946,lr,0.006214573700937332
square-attack,paq2piq,0,-2-0,0.9909962057832936,47.84282392900759,1.9945354111445624e-05,0.00784313725490196,0.002337522832862807,0.0828696004640784,eps,0.007843123413085283
square-attack,paq2piq,1,1-2,0.9737105160628539,41.611340480436574,7.265591970104869e-05,0.01568627450980392,0.0045487976448220745,0.14950333705485258,eps,0.015686254173282427
square-attack,paq2piq,2,3-4,0.9364966498048873,35.88837896247165,0.0002722434674093775,0.03137254901960784,0.008556659629958708,0.25232768330680244,eps,0.03137253412354922
square-attack,paq2piq,3,5-6,0.881953298943412,30.301674174698228,0.0009902518465425615,0.06274509803921569,0.015684695988141054,0.3869550859761175,eps,0.06274507928498864
ifgsm,fpr,0,1-2,0.9919193683627895,48.03551638325713,1.8834404708989814e-05,0.00784313725490196,0.0033629879840937275,3.465347338313647,alpha,0.0007843126884483477
ifgsm,fpr,1,2-3,0.9760378350219048,43.17001444759624,5.6729735036559706e-05,0.01568627450980392,0.005711865474291844,5.051997783630938,alpha,0.001568626072197761
ifgsm,fpr,2,4-5,0.9273251640702539,37.90904563011429,0.00017848669292244845,0.03137254901960784,0.010066935197606649,7.437708837190598,alpha,0.00326284464336808
madc,fpr,0,5-6,0.9963384843294123,52.34119344245898,6.149956304535916e-06,0.00784313725490196,0.0016966164842933068,2.5440004210201335,lr,0.0009803891890329075
madc,fpr,1,6-7,0.9837578135668738,46.21355842248456,2.7499734846437832e-05,0.01568627450980392,0.003643702656206828,3.8343297670570307,lr,0.001960781582696025
madc,fpr,2,7-8,0.9378255395212799,40.16975796607858,0.00011838638710223755,0.03137254901960784,0.0076218581756026,5.64329064361739,lr,0.003921558548824352
madc,fpr,3,8-9,0.8096580050321471,34.02134569841515,0.0005162227666333747,0.06274509803921569,0.0160437217981207,8.102037736254207,lr,0.007843129035691567
cnn-attack,fpr,0,-2--1,0.9589028109803042,45.64237646835315,8.347348080627807e-05,0.00784313725490196,0.006578596286480085,0.2514943264179695,Amplitude,0.019999906491424007
cnn-attack,fpr,1,-2--1,0.891902881223945,38.74019517246303,0.0002257360474938721,0.01568627450980392,0.013042968853590783,0.7483356632799971,Amplitude,0.03999986927399326
cnn-attack,fpr,2,-1-0,0.7360579571636277,31.72098463377432,0.0008196849678288568,0.03137254901960784,0.025784536374927315,1.7474806585080667,Amplitude,0.07999985286398924
cnn-attack,fpr,3,0-1,0.502962232279367,25.704486864663796,0.0031111504879255446,0.06274509803921569,0.050474931092409095,2.8867349929567307,Amplitude,0.15999990068159387
diff-evolve-uap,fpr,1,0-1,0.9417541222469286,40.7990829313654,0.0001082927505578609,0.01568627450980392,0.008389226834445521,0.03687716695047471,Amplitude,0.1568623090673373
diff-evolve-uap,fpr,2,1-3,0.8503558665871176,35.0925531661046,0.0003403544169775371,0.03137254901960784,0.014788209667949456,0.0542837870836794,Amplitude,0.31372501997725744
diff-evolve-uap,fpr,3,5-6,0.6226771061882118,28.44049506821932,0.0014427344507244588,0.06274509803921569,0.03136200734663368,0.02413285672541378,Amplitude,0.6274506436205435
stadv,fpr,0,3-4,0.9999994447715633,91.66990302531836,1.761259162439453e-08,0.00784313725490196,8.96423174512784e-06,0.01596582686442533,lr,0.5156439633332179
stadv,fpr,1,3-4,0.9999982766169776,87.01765295768564,5.49830975447173e-08,0.01568627450980392,1.820949913549692e-05,0.026227895116935813,lr,0.6517706363062685
stadv,fpr,2,4-5,0.9999884715451343,81.1041921152838,4.701495855292763e-07,0.03137254901960784,4.498668151638725e-05,0.046820281841274625,lr,0.8536908577927186
stadv,fpr,3,4-5,0.9999566442585333,74.82421488262975,1.8573387472231648e-06,0.06274509803921569,0.00011209605698810467,0.08811669663135453,lr,1.1424828153809645
korhonen-et-al,fpr,0,3-4,0.9938164860429186,48.93292040549499,1.7194714121471628e-05,0.00784313725490196,0.0031734854370595324,2.614406028282917,lr,0.0007750885374378862
korhonen-et-al,fpr,1,4-5,0.9800285259531543,43.778123787662466,5.5958794772917246e-05,0.01568627450980392,0.005636054885507976,3.892770826856727,lr,0.0015525908021331385
korhonen-et-al,fpr,2,5-6,0.9383630603626723,38.58170418398704,0.00018161260479840173,0.03137254901960784,0.010057283606276387,5.689067324131743,lr,0.0031128388324538846
korhonen-et-al,fpr,3,6-7,0.8357520992000325,33.27435344500514,0.0005949333529457761,0.06274509803921569,0.018175428280073853,8.251292794615178,lr,0.006246872606430697
uap,fpr,0,-1-0,0.9742723629601779,44.41266121663382,4.4443936445631564e-05,0.00784313725490196,0.0058354818872874605,0.04400440872725729,Amplitude,0.0784308509798706
uap,fpr,1,0-1,0.9149446215740092,38.45009286525001,0.00016624793266993644,0.01568627450980392,0.011360678132230247,0.29735803919981224,Amplitude,0.15686230906733734
uap,fpr,2,2-3,0.760734276274309,32.07240165948263,0.0006442679348168539,0.03137254901960784,0.022889940258715585,1.475219741349503,Amplitude,0.31372510932059344
uap,fpr,3,5-6,0.5283595151022329,26.187945846906803,0.0024242637313990033,0.06274509803921569,0.044376661297155236,4.062469294708861,Amplitude,0.6274506436205433
ssah,fpr,0,4-5,0.9921880660418385,47.86464039420898,1.7682214415906533e-05,0.00784313725490196,0.0034706529697370253,3.1098640711547176,lr,0.0007729529974669965
ssah,fpr,1,5-6,0.9760763984412483,43.17111644864375,5.547797596185451e-05,0.01568627450980392,0.005906988982230311,4.533863827782346,lr,0.0015473222405945387
ssah,fpr,2,6-7,0.9310465377197871,38.247072378561576,0.0001674262743592561,0.03137254901960784,0.01015719490939963,6.498349142355734,lr,0.0030997179257643776
ssah,fpr,3,8-9,0.8256644655636722,33.20106366520093,0.0005017849777795654,0.06274509803921569,0.017564044783574907,9.276222444284022,lr,0.006216985127167365
grad-est,fpr,0,-2-0,0.9811778472197243,46.26129965480674,2.7953363139142595e-05,0.00784313725490196,0.004419053673507832,0.08751785339973786,eps,0.007843123246226276
grad-est,fpr,1,1-2,0.9396378509970064,40.28340317797183,9.8421401892265e-05,0.01568627450980392,0.008504793091309717,0.21399275552326075,eps,0.01568625387958473
grad-est,fpr,2,3-4,0.8368178464794439,34.68227274595515,0.0003540637864694601,0.03137254901960784,0.01599039675106432,0.4071092711922851,eps,0.03137253394199675
grad-est,fpr,3,5-6,0.7320183048623622,31.162909179851578,0.0007746497301671611,0.06274509803921569,0.02233110180607309,0.5908116600719776,eps,0.06274507912772695
zhang-et-al-dists,fpr,0,3-4,0.990787173126336,48.13998687461766,2.035826157596265e-05,0.00784313725490196,0.003579714239121441,3.056774590267277,lr,0.0007728618889300957
zhang-et-al-dists,fpr,1,4-5,0.9712061525167256,43.042600499095464,6.53078277727902e-05,0.01568627450980392,0.006292661650943854,4.526102641461682,lr,0.0015472265549341109
zhang-et-al-dists,fpr,2,5-6,0.9157228368415624,37.85676929655097,0.00021128583465810036,0.03137254901960784,0.011192752881082426,6.6202145629214595,lr,0.003098356839315611
zhang-et-al-dists,fpr,3,6-7,0.7897733790815602,32.506335119106915,0.0006969585222949372,0.06274509803921569,0.02028742999165055,9.73395773216607,lr,0.006207990013451298
square-attack,fpr,0,-2-0,0.991278443926873,47.97804827066393,1.930314341773876e-05,0.00784313725490196,0.0022665318234545567,0.28661224571469757,eps,0.007843123413085283
square-attack,fpr,1,1-2,0.9742294822247941,41.770695938165574,7.035420393542719e-05,0.01568627450980392,0.004403664387037355,0.4734518463769316,eps,0.015686254173282427
square-attack,fpr,2,3-4,0.9366931116654279,35.97313564463203,0.0002677520224256591,0.03137254901960784,0.00841269743465227,0.6874509495805735,eps,0.03137253412354922
square-attack,fpr,3,5--1,0.8860802904913326,30.542090529125485,0.0010335080395499224,0.06274509803921569,0.015532750481184285,0.8748570725923568,eps,0.043216788146401716
ifgsm,maniqa,0,1-2,0.9879184380742283,45.98419707735223,2.7995029132626784e-05,0.00784313725490196,0.0041711968022062436,0.38767986958559686,alpha,0.0007843126884483477
ifgsm,maniqa,1,2-3,0.9697068118674734,41.381764645747474,8.103073229655903e-05,0.01568627450980392,0.006813830408223138,0.616764641352156,alpha,0.001568626072197761
ifgsm,maniqa,2,4-5,0.926365113576594,36.810955831038186,0.00022509541190311077,0.03137254901960784,0.011003489314798345,0.9187347668154244,alpha,0.00326284464336808
madc,maniqa,0,5-6,0.9988062299754511,56.97858692406331,2.121072920836595e-06,0.00784313725490196,0.0006019863869534503,0.23895962367136983,lr,0.0009803891890329075
madc,maniqa,1,6-7,0.993291889541985,50.009475788499046,1.217764630153292e-05,0.01568627450980392,0.001698920348275718,0.4161627776523718,lr,0.001960781582696025
madc,maniqa,2,7-8,0.9632425296855622,42.75148237703359,7.262185649466528e-05,0.03137254901960784,0.004796907368058611,0.6313961395684895,lr,0.003921558548824352
madc,maniqa,3,8-9,0.8612570193697844,35.65472546578204,0.0003813342124052555,0.06274509803921569,0.01205922923702591,0.8583658542751191,lr,0.007843129035691567
cnn-attack,maniqa,0,-2--1,0.9623682240929418,45.87949057650392,7.963816965852051e-05,0.00784313725490196,0.006355431309960979,-0.018985307116607047,Amplitude,0.019999906300176156
cnn-attack,maniqa,1,-2--1,0.9012298264421944,38.950500145869924,0.00021561900351613943,0.01568627450980392,0.012635749137463466,-0.04939341939028111,Amplitude,0.03999986870024685
cnn-attack,maniqa,2,-1-0,0.7564931323859856,31.91724135456173,0.0007831735042462067,0.03137254901960784,0.024995857688280696,-0.09377586690229424,Amplitude,0.07999985163999142
cnn-attack,maniqa,3,0-1,0.5264405091086292,25.91408782839079,0.0029590315618616457,0.06274509803921569,0.04882916918677319,-0.15763991348616574,Amplitude,0.15999990018432886
diff-evolve-uap,maniqa,1,0-1,0.9679264069911676,43.27271720334666,5.812651409947185e-05,0.01568627450980392,0.005837795534078484,-0.010569973977711367,Amplitude,0.1568623090673373
diff-evolve-uap,maniqa,2,2-3,0.8872411175131493,36.550782445341014,0.00024092368670045224,0.03137254901960784,0.012296346971683799,-0.028139269772265038,Amplitude,0.31372510932059344
diff-evolve-uap,maniqa,3,5-6,0.6185083311057685,28.383060969604305,0.001475765878125171,0.06274509803921569,0.03200384081633283,-0.10253379251863215,Amplitude,0.6274506436205435
stadv,maniqa,0,2-3,0.9999972880950921,98.38845915257144,5.552428739900254e-08,0.00784313725490196,6.582118384008379e-06,0.001395788618202396,lr,0.37920512256902306
stadv,maniqa,1,3-4,0.9999949267390539,90.96837210284939,1.1481912685975922e-07,0.01568627450980392,1.2421895570979885e-05,0.0026925891960118808,lr,0.5500444921227808
stadv,maniqa,2,4-5,0.9999936420342515,81.90661002590686,1.8112497869695025e-07,0.03137254901960784,2.1035603521271252e-05,0.005047382039623824,lr,0.8696982512231618
stadv,maniqa,3,5-6,0.9999846580330688,73.62779564824417,4.4099728365664925e-07,0.06274509803921569,4.1244240798791646e-05,0.010764639140442421,lr,1.3717622812128307
korhonen-et-al,maniqa,0,3-4,0.9964912817435153,50.765042606084144,1.0858187189432933e-05,0.00784313725490196,0.002169368566362898,0.24539738324149354,lr,0.0007772781109524002
korhonen-et-al,maniqa,1,4-5,0.9897403271116108,45.660684058133256,3.444677649270331e-05,0.01568627450980392,0.0037923404680398672,0.3495399990297564,lr,0.0015605391271504509
korhonen-et-al,maniqa,2,5-6,0.9719118636752067,40.779433155141646,0.00010409261140424675,0.03137254901960784,0.006467868265163447,0.47045321518590566,lr,0.0031399975436574453
korhonen-et-al,maniqa,3,6-7,0.9272714078673621,35.968684150361675,0.0003107795109136059,0.06274509803921569,0.011006685924890614,0.6173498049393864,lr,0.006333314206582966
uap,maniqa,0,-1-1,0.9735810564836028,46.201976573826435,5.266392625198125e-05,0.00784313725490196,0.0053485492067237616,-0.015232059878993412,Amplitude,0.07843085325409549
uap,maniqa,1,-1-1,0.9230591984804963,39.63267452219107,0.00015940689959507786,0.01568627450980392,0.010747789622991846,-0.042742169366960736,Amplitude,0.15686231050841132
uap,maniqa,2,2-3,0.8035118293435397,33.017675316773655,0.0005231252989537544,0.03137254901960784,0.0202900267865813,-0.09806274382310215,Amplitude,0.31372510932059344
uap,maniqa,3,5-6,0.5846789013948295,27.142778346440682,0.0019440335564191778,0.06274509803921569,0.0391598428901937,-0.18262825459975845,Amplitude,0.6274506436205433
ssah,maniqa,0,4-5,0.9918908792133058,47.77787611327199,1.6950891349523693e-05,0.00784313725490196,0.0033257708825818475,0.2990718903438555,lr,0.0007719419732251428
ssah,maniqa,1,5-6,0.980873976001534,43.91217240414395,4.327313220379199e-05,0.01568627450980392,0.00492498163646621,0.4094620709525079,lr,0.0015449256237222509
ssah,maniqa,2,6-7,0.9609212434807052,40.412963694936444,9.595372058777206e-05,0.03137254901960784,0.006837077802184769,0.5322319630360584,lr,0.0030950107671146422
ssah,maniqa,3,8-9,0.9271354753150889,37.24782183631064,0.00019424812089889,0.06274509803921569,0.009262611031280812,0.6821632528038283,lr,0.0062143228572713064
grad-est,maniqa,0,-2-0,0.9811614484492427,46.26149468200659,2.793627070170162e-05,0.00784313725490196,0.004413982301947266,0.021359036986280836,eps,0.007843123246226276
grad-est,maniqa,1,1-2,0.9397947002528454,40.294904902176604,9.802855105960785e-05,0.01568627450980392,0.008486655097666933,0.0510916056529156,eps,0.01568625387958473
grad-est,maniqa,2,3-4,0.8365237849581537,34.70064130602819,0.0003521889408761123,0.03137254901960784,0.01595957849982498,0.10254027402898871,eps,0.03137253394199675
grad-est,maniqa,3,5-6,0.7323669149737179,31.21388541687247,0.0007637013016832492,0.06274509803921569,0.022298546396722553,0.1440540641588276,eps,0.06274507912772695
zhang-et-al-dists,maniqa,0,3-4,0.9907560775244569,47.71781450242846,2.0756117929767235e-05,0.00784313725490196,0.0036044312798758174,0.29807781015615387,lr,0.0007723188379988206
zhang-et-al-dists,maniqa,1,4-5,0.9751484166281115,43.023034101143885,6.103765708524568e-05,0.01568627450980392,0.006038947344108226,0.4160617333306873,lr,0.0015463460358702214
zhang-et-al-dists,maniqa,2,5-6,0.9330696212771086,38.25380495156762,0.00018363465732245123,0.03137254901960784,0.010311552213224863,0.568812547955569,lr,0.0030991773049628096
zhang-et-al-dists,maniqa,3,6-7,0.8292649521714217,33.14603806192262,0.0005972664384581502,0.06274509803921569,0.01849172101933521,0.7892168967980027,lr,0.0062209012132534835
square-attack,maniqa,0,-2-0,0.9913462505106844,47.956327608829085,1.931304930668732e-05,0.00784313725490196,0.0022702259801343897,0.07174075161217003,eps,0.007843123413085283
square-attack,maniqa,1,1-2,0.9760462336742044,41.97345909865635,6.703684570169606e-05,0.01568627450980392,0.004210609776075449,0.11994925288514026,eps,0.015686254173282427
square-attack,maniqa,2,3-4,0.94376781944063,36.56783431642623,0.00023837779953543678,0.03137254901960784,0.0075076681350275684,0.17606012315526295,eps,0.03137253412354922
square-attack,maniqa,3,5-6,0.8936823812657387,30.984374752076846,0.0008596966991290603,0.06274509803921569,0.013633494138545033,0.2489366690231205,eps,0.06274507928498864
ifgsm,linearity,0,1-2,0.9939902402304309,48.7174908475448,1.5248491463272772e-05,0.00784313725490196,0.0030243790272027637,0.7929235839063354,alpha,0.0007843126884483477
ifgsm,linearity,1,2-3,0.9824728311447788,44.10831702479841,4.33780135322315e-05,0.01568627450980392,0.005004195958722708,1.041288030417947,alpha,0.001568626072197761
ifgsm,linearity,2,4-5,0.9427199441106525,38.90514794826886,0.00013775384060065382,0.03137254901960784,0.008847980333747594,1.2905699087575406,alpha,0.00326284464336808
madc,linearity,0,5-6,0.9960632321088387,52.320623514968425,6.205108704840909e-06,0.00784313725490196,0.0017673710289201948,0.6507748159718467,lr,0.0009803891890329075
madc,linearity,1,6-7,0.9827408951004153,45.99344737277917,2.9011133989503355e-05,0.01568627450980392,0.0039010441085262884,0.903898606964479,lr,0.001960781582696025
madc,linearity,2,7-8,0.9340299787511053,39.841366561039656,0.00012734089487145925,0.03137254901960784,0.008190663075869376,1.1260870542978438,lr,0.003921558548824352
madc,linearity,3,8-9,0.810674054234674,33.83847340474767,0.0005261901009167977,0.06274509803921569,0.016570605713019777,1.2895921281152762,lr,0.007843129035691567
cnn-attack,linearity,0,-2--1,0.9682688170445638,46.56128019818975,6.839990838002727e-05,0.00784313725490196,0.005755910537432175,0.141887262003675,Amplitude,0.019999907447663376
cnn-attack,linearity,1,-2--1,0.9166519323517991,39.613937432613454,0.000185330454202093,0.01568627450980392,0.011464577040208632,0.4458789461837398,Amplitude,0.0399998721427257
cnn-attack,linearity,2,-1-0,0.7859330973032981,32.56189417197368,0.0006753637280203121,0.03137254901960784,0.022727227413956212,0.9898274114100198,Amplitude,0.07999985439400048
cnn-attack,linearity,3,0-1,0.564986808027196,26.528395806654196,0.0025716429381038527,0.06274509803921569,0.044643723708415836,1.4642083923057116,Amplitude,0.15999990068159387
diff-evolve-uap,linearity,1,0-1,0.9430806923479975,40.729546766473646,0.00010530665327780187,0.01568627450980392,0.008214631049215852,-0.043454261175429706,Amplitude,0.1568623090673373
diff-evolve-uap,linearity,2,2-3,0.9065275130633357,37.46286431985196,0.00018483624456994016,0.03137254901960784,0.010871608253197749,-0.06906948906002408,Amplitude,0.31372510932059344
diff-evolve-uap,linearity,3,5-6,0.7035932991574153,30.4765383818071,0.0009103431596293775,0.06274509803921569,0.02421509310113338,-0.15493462836090283,Amplitude,0.6274506436205435
stadv,linearity,0,3-4,0.9999995005979729,87.54054010920356,1.5758270261157537e-08,0.00784313725490196,1.196049093249714e-05,0.006333817789377473,lr,0.6058968376981344
stadv,linearity,1,4-5,0.9999980978122257,79.8133394760699,6.386074546415663e-08,0.01568627450980392,2.6226853163341802e-05,0.012007535115781585,lr,0.8144418120194596
stadv,linearity,2,4-5,0.9999927702355011,74.14432941128244,2.534926267944458e-07,0.03137254901960784,5.8673176556924665e-05,0.022269138310122803,lr,1.042403556252653
stadv,linearity,3,5-6,0.9999700305635253,66.5826709733841,1.1410362677248121e-06,0.06274509803921569,0.00012658879207567454,0.03943051756373343,lr,1.3915565759920043
korhonen-et-al,linearity,0,3-4,0.9948692273959672,49.61709275654188,1.377895278715234e-05,0.00784313725490196,0.0028528054869843625,0.5707370170678765,lr,0.00078087984595116
korhonen-et-al,linearity,1,4-5,0.9840686088086266,44.633180980839526,4.352332230761015e-05,0.01568627450980392,0.004969384580939453,0.7931420685116404,lr,0.0015696375294723946
korhonen-et-al,linearity,2,5-6,0.9510275421708695,39.55817302346216,0.0001401174503705017,0.03137254901960784,0.008793911823626507,1.0425853936686278,lr,0.003158659834926108
korhonen-et-al,linearity,3,6-7,0.8643864191017766,34.284126826738245,0.0004689881894440406,0.06274509803921569,0.016004623855593654,1.2760078714837422,lr,0.006375771914673702
uap,linearity,0,-1-0,0.9728531384416107,43.86824521878075,5.0492835477206275e-05,0.00784313725490196,0.006307287338693617,0.017730076505392406,Amplitude,0.0784308509798706
uap,linearity,1,0-1,0.9105189207107813,37.79793421408127,0.0001945673138986982,0.01568627450980392,0.012483148034368268,0.25715865643132474,Amplitude,0.15686230906733734
uap,linearity,2,2-3,0.7612734454653513,31.568482179876085,0.0007260884333352102,0.03137254901960784,0.024619994864836875,0.7889924137655504,Amplitude,0.31372510932059344
uap,linearity,3,5-6,0.5264267865448167,25.59880550080961,0.0027777258544476797,0.06274509803921569,0.0482143412650433,1.587802477766874,Amplitude,0.6274506436205433
ssah,linearity,0,4-5,0.9936888757464559,48.79400168166059,1.349810183528845e-05,0.00784313725490196,0.0030180504233232254,0.6810880322697546,lr,0.0007742059873264565
ssah,linearity,1,5-6,0.9824237218554986,44.5365667205291,3.8156413354878624e-05,0.01568627450980392,0.00484827496665371,0.90462824371711,lr,0.001552614945146596
ssah,linearity,2,6-7,0.9521091073777496,40.03074531918282,0.0001065199721831494,0.03137254901960784,0.007913081957130521,1.115691927148591,lr,0.00311855851549721
ssah,linearity,3,8-9,0.8777775538770246,35.3774129814904,0.00030265384783540806,0.06274509803921569,0.013073553937097741,1.2418629600610382,lr,0.006279002407724207
grad-est,linearity,0,-2-0,0.9814200312328832,46.330940941363295,2.7408944748059466e-05,0.00784313725490196,0.004367204538406297,0.043807493937569955,eps,0.007843123246226276
grad-est,linearity,1,1-2,0.9404726108099442,40.37377230225526,9.636911413343359e-05,0.01568627450980392,0.00840026527043641,0.13667175691176892,eps,0.01568625387958473
grad-est,linearity,2,3-4,0.8378767233061232,34.77445894517706,0.00034631416931348475,0.03137254901960784,0.015795028842053572,0.296007409506139,eps,0.03137253394199675
grad-est,linearity,3,5-6,0.73690118255622,31.38178054824803,0.0007356149682311304,0.06274509803921569,0.02186752957261701,0.3812827523607903,eps,0.06274507912772695
zhang-et-al-dists,linearity,0,3-4,0.9918115313343489,48.31253748922866,1.8386522866528628e-05,0.00784313725490196,0.003456047106987025,0.6755904582732839,lr,0.0007744322076542189
zhang-et-al-dists,linearity,1,4-5,0.9747237728947687,43.37120434425778,5.743277908192484e-05,0.01568627450980392,0.0059848240729167505,0.9272135771901292,lr,0.001552386490082702
zhang-et-al-dists,linearity,2,5-6,0.9236713880216569,38.25957575391737,0.00018699793205644434,0.03137254901960784,0.010637612682219492,1.196280794582512,lr,0.003116057014182876
zhang-et-al-dists,linearity,3,6-7,0.800453089017555,32.8439495131336,0.0006460713255380711,0.06274509803921569,0.01967302283138324,1.4293721211662715,lr,0.0062623550929989825
square-attack,linearity,0,-2-0,0.9922382970109029,48.15141642502318,1.8466526152925152e-05,0.00784313725490196,0.0021765342606680695,0.11011977046264251,eps,0.007843123413085283
square-attack,linearity,1,1-2,0.9791993268758545,42.31086107192816,6.285735316731082e-05,0.01568627450980392,0.00395061349855447,0.15156820444245922,eps,0.015686254173282427
square-attack,linearity,2,3-4,0.9534861724468672,37.037256105338834,0.0002169400228262113,0.03137254901960784,0.006839799202926986,0.1983776752340033,eps,0.03137253412354922
square-attack,linearity,3,5-6,0.9143141574873382,31.646288910173958,0.0007635920489399344,0.06274509803921569,0.012092237752469715,0.2628674169955829,eps,0.06274507928498864
parsimonious,spaq,0,4-3,0.8736508732649031,30.0,0.0010575518723884572,0.0335811915433929,0.031107043085329703,0.3053812945361358,epsilon,0.033581179556237434
parsimonious,spaq,1,2-1,0.9314585277522778,35.0,0.00032583763291418687,0.01860739572267789,0.017457136975908605,0.253322069148196,epsilon,0.018607374032161002
parsimonious,spaq,2,1-0,0.9678118601597815,40.0,0.00010259460363120572,0.010364086145978672,0.00983925898127081,0.1992423814009056,epsilon,0.010364066145978672
parsimonious,niqe,0,4-3,0.8447337267505736,30.0,0.001055929826292128,0.033481435062626214,0.03112362745296084,-0.09725744523588839,epsilon,0.03348142293588592
parsimonious,niqe,1,2-1,0.9216599868235494,35.0,0.00032576757478033766,0.018560738186150224,0.0174796038057571,-0.08653154666153001,epsilon,0.018560716512568916
parsimonious,niqe,2,1-0,0.9656529596309547,40.0,0.0001024284246050102,0.010345874379702663,0.00984384913100078,-0.07647063364981321,epsilon,0.010345854379702663
parsimonious,meta-iqa,0,4-3,0.8772980347475587,30.0,0.0010572163739650795,0.033790949436333546,0.030996503289460412,0.20346250235566452,epsilon,0.033790937742683
parsimonious,meta-iqa,1,2-1,0.9333002450557661,35.0,0.0003257682899767621,0.018634378131867503,0.017442716102348217,0.17291999770441646,epsilon,0.018634356431556642
parsimonious,meta-iqa,2,1-0,0.9685214642130842,40.0,0.00010267802752792428,0.010374307072298722,0.009838081209709242,0.1321265519704227,epsilon,0.010374287072298722
parsimonious,koncept,0,4-3,0.8670441043093635,30.0,0.0010585666445297253,0.033667805028185484,0.03108571164713186,0.2684568889881839,epsilon,0.03366779316222442
parsimonious,koncept,1,2-1,0.9315678627434123,35.0,0.00032631847988913844,0.018637725091639717,0.017459833215114223,0.2129995704064349,epsilon,0.018637703390113988
parsimonious,koncept,2,1-0,0.9691557020794274,40.0,0.00010292403771937315,0.010392551979203711,0.00983861769384764,0.15939334654817117,epsilon,0.010392531979203711
parsimonious,paq2piq,0,4-3,0.8509206555926687,30.0,0.001055362500717224,0.033545559279833076,0.031088300930682856,0.35355499994417994,epsilon,0.03354554724281896
parsimonious,paq2piq,1,2-1,0.9227597005957443,35.0,0.00032572311453406706,0.018564636017275274,0.017475265726451118,0.2570244066471774,epsilon,0.018564614342279146
parsimonious,paq2piq,2,1-0,0.9657600286561709,40.0,0.00010247245751041743,0.010350770027453436,0.00984118676935894,0.17476263702375144,epsilon,0.010350750027453436
parsimonious,fpr,0,4-3,0.8501354568291484,30.0,0.0010553244219900244,0.033683324442487166,0.031013397710981466,0.7710668435809243,epsilon,0.033683312598241734
parsimonious,fpr,1,2-1,0.9241030055422382,35.0,0.0003255527289143496,0.01861213339802914,0.017445424970300223,0.5966621767870044,epsilon,0.018612111705792588
parsimonious,fpr,2,1-0,0.9668038933186621,40.0,0.00010268748594771416,0.010376588958078914,0.009835228794858793,0.42667116245581,epsilon,0.010376568958078914
parsimonious,maniqa,0,4-3,0.8829795896830572,30.0,0.0010597601305589806,0.033808686407951136,0.031040887265165466,0.2075330424733652,epsilon,0.03380867473911915
parsimonious,maniqa,1,2-1,0.9361928512035524,35.0,0.0003261577803540896,0.018646257974492954,0.01744999863736118,0.1718959726301501,epsilon,0.01864623626986999
parsimonious,maniqa,2,1-0,0.9692356551071802,40.0,0.00010274690447044474,0.010381203149134013,0.009835500015753553,0.1351326918097038,epsilon,0.010381183149134013
parsimonious,linearity,0,4-3,0.8870169746635272,30.0,0.0010599655342336033,0.03386449624259073,0.03101279470393854,0.25429897570150994,epsilon,0.033864484651850976
parsimonious,linearity,1,2-1,0.939921415456219,35.0,0.0003261410524857192,0.018698517991915204,0.017423080795028755,0.21610733465827178,epsilon,0.018698496268323095
parsimonious,linearity,2,1-0,0.9711749016557445,40.0,0.00010307098259854103,0.010414953405020013,0.0098317235462958,0.1835436795143614,epsilon,0.010414933405020014
cadv,spaq,0,6-5,0.75,19.690860768402867,0.013928394060662461,0.7329122158478054,0.06988131368484782,0.4717406221353807,lr,0.004356769409362951
cadv,spaq,1,5-4,0.85,22.433053387327153,0.009269730253351007,0.6188601029938037,0.05075495166769163,0.38669457156233944,lr,0.0011243982312194357
cadv,spaq,2,1-0,0.9,23.156778000730036,0.008833945571661016,0.5725381369774957,0.045218188612754166,0.16194556300348248,lr,5.9061332635725905e-05
cadv,meta-iqa,0,7-6,0.75,19.662623557202185,0.016293450663600148,0.7301485054424051,0.07353278327913801,0.27986590839112213,lr,0.006098588474037362
cadv,meta-iqa,1,5-4,0.85,22.543046133318665,0.00903026529744363,0.5890472734357803,0.0502162643229877,0.2870173758032586,lr,0.001687291610786524
cadv,meta-iqa,2,2-0,0.9,24.459604537743225,0.00673686122163001,0.5175146491524953,0.03983169621749808,0.14537391037963734,lr,0.000189716549132963
cadv,koncept,0,6-5,0.75,19.873128209121376,0.013158285695211765,0.7245300436486044,0.06704657030043454,0.3363820261740805,lr,0.004013560995901621
cadv,koncept,1,4-3,0.85,22.528815500091394,0.010563421415758506,0.6227543748417341,0.04992140990896428,0.25791375670724814,lr,0.0008824670589427529
cadv,paq2piq,0,5-4,0.75,18.914589654092378,0.01618559414609605,0.7799200645823829,0.07344671961880911,0.4876559473812059,lr,0.0020782576721963247
cadv,paq2piq,1,4-3,0.85,21.42863777210435,0.010623088958240564,0.6822815382652822,0.05215289330357911,0.2981487789496527,lr,0.000531442314792552
cadv,fpr,0,6-5,0.75,19.972768298852685,0.013436167210857478,0.7441566784114076,0.0668960184251324,0.8889530522366381,lr,0.0031329563455924844
cadv,fpr,1,5-4,0.85,22.38328252307968,0.00849815203220669,0.6414065813743249,0.047436904813219286,0.6444547421735152,lr,0.001124416120191604
cadv,maniqa,0,6-5,0.75,19.861022337867844,0.01379551136852087,0.7302439244313619,0.06797997696533996,0.24716225139197,lr,0.004580408105239779
cadv,maniqa,1,5-4,0.85,23.048798662543543,0.008484588663406551,0.5824659452094576,0.047982568563887606,0.2297596508425574,lr,0.001633234889226628
cadv,maniqa,2,3-1,0.9,24.91218058173753,0.007121992487180194,0.514837275511435,0.03945519574050208,0.11320852165358074,lr,0.0001583831909091844
cadv,linearity,0,6-5,0.75,20.07019813315792,0.013262262019718899,0.720240779722522,0.06662109580665498,0.36999795842415556,lr,0.004952793760577073
cadv,linearity,1,5-4,0.85,22.624398272354632,0.010186629412363413,0.6164213697922191,0.049139977384152995,0.334371981384175,lr,0.0014475234546811287
cadv,linearity,2,1-0,0.9,23.864665172602383,0.007634509561650137,0.5441915601304926,0.041645384997718526,0.1548738730453097,lr,7.739504009606052e-05
patch-rs,spaq,0,9,0.9952767325425976,29.67328261572979,0.0010986281870839,0.9637647064000001,0.001558633902,0.3094596226138536,eps,625.0
patch-rs,spaq,1,4,0.9983066347781822,35.19364169127533,0.000312776927368744,0.9341176521999999,0.0004347671174,0.17436101639087004,eps,169.0
patch-rs,spaq,2,1,0.9991117922026531,39.4560413714356,0.00011602144770548348,0.9211764766000001,0.00016591217260000001,0.12214377946839332,eps,64.0
patch-rs,niqe,0,9,0.9954171734578248,29.59619948507657,0.001116181263395524,0.9578039201999999,0.001518426106,-0.05921654538693235,eps,625.0
patch-rs,niqe,1,5,0.9979771137109696,34.42548856596166,0.00036884451493021393,0.9415686286,0.00051996847,-0.03292563110455499,eps,225.0
patch-rs,niqe,2,1,0.9991723216845588,40.0611023828463,0.00010008464876633422,0.909333336,0.0001471199916,-0.022573951049178677,eps,64.0
patch-rs,meta-iqa,0,9,0.9954698515167216,29.687462039190056,0.001096637135235686,0.9607058843999999,0.001567487756,0.16197899103164673,eps,625.0
patch-rs,meta-iqa,1,5,0.9981243954427396,34.30028150314823,0.000386937104060276,0.9318431378,0.0005537987051999999,0.09212395131587982,eps,225.0
patch-rs,meta-iqa,2,1,0.999209003079086,39.5953982977658,0.00011326256217152282,0.9291764726000001,0.00016141192639999998,0.040310259461402896,eps,64.0
patch-rs,koncept,0,9,0.9953293489390966,30.09794474206244,0.001000822141912136,0.9532549037999999,0.0014865556640000002,0.4644365630541676,eps,625.0
patch-rs,koncept,1,5,0.9978866104123645,34.751322433016725,0.00034482079635926805,0.944000001,0.000520152642,0.39374749769524714,eps,225.0
patch-rs,koncept,2,1,0.9991174618375338,40.41885706093388,9.437025318630884e-05,0.9061960780000001,0.00014649155688000002,0.28418677823434746,eps,64.0
patch-rs,paq2piq,0,9,0.9953192556905485,30.00093927904737,0.0010183928891908279,0.9412549051999999,0.001469654376,0.42719342914328967,eps,625.0
patch-rs,paq2piq,1,4,0.9983070348700634,35.28625390762717,0.0003014289323735,0.9495686308000001,0.00042444539040000005,0.29496914604658214,eps,169.0
patch-rs,paq2piq,2,0,0.9992978811205372,40.44077726616906,9.243921702550075e-05,0.9269803919999999,0.00012637880999999998,0.1739157512538302,eps,49.0
patch-rs,fpr,0,9,0.9955662208069959,29.751141265783367,0.00107476158978074,0.9641568641999999,0.001503786704,0.4630761390503082,eps,625.0
patch-rs,fpr,1,4,0.9984941484218435,35.27284344132565,0.000302891661051574,0.9559999997999999,0.0004010416672,0.35741118760913637,eps,169.0
patch-rs,fpr,2,0,0.999366635296937,40.037213773123554,0.00010161765039631454,0.9344313716000001,0.0001301346659,0.23789282456539584,eps,49.0
patch-rs,maniqa,0,9,0.9954203065812114,29.82982681289091,0.0010526333959595539,0.9706666693999999,0.0015067968480000002,0.15768753439188005,eps,625.0
patch-rs,maniqa,1,4,0.9983937283690658,35.508847979213996,0.000287875111865268,0.9469019625999999,0.0004196720188000001,0.07715308368206024,eps,169.0
patch-rs,maniqa,2,1,0.9992424954667473,39.86341818414411,0.0001066388681762956,0.9352156894,0.0001538693638,0.041390089988708495,eps,64.0
patch-rs,linearity,0,9,0.9953880822157453,29.54760938186215,0.001128263049117798,0.9639215702,0.0015636435900000004,0.23255810817029512,eps,625.0
patch-rs,linearity,1,4,0.9984277677134544,35.469771461440985,0.000290404414580698,0.9467450995999998,0.0004216099907999999,0.18414318650015848,eps,169.0
patch-rs,linearity,2,1,0.9992054386399318,39.58567612518052,0.00011453106352333262,0.941882354,0.00016158519079999996,0.14814026097935223,eps,64.0
onepixel,spaq,0,custom,0.0,0.0,0.0,0.0,0.0,0.0,PIXEL_COUNT,10.0
onepixel,spaq,1,custom,0.0,0.0,0.0,0.0,0.0,0.0,PIXEL_COUNT,20.0
onepixel,spaq,2,custom,0.0,0.0,0.0,0.0,0.0,0.0,PIXEL_COUNT,40.0
onepixel,niqe,0,custom,0.0,0.0,0.0,0.0,0.0,0.0,PIXEL_COUNT,10.0
onepixel,niqe,1,custom,0.0,0.0,0.0,0.0,0.0,0.0,PIXEL_COUNT,20.0
onepixel,niqe,2,custom,0.0,0.0,0.0,0.0,0.0,0.0,PIXEL_COUNT,40.0
onepixel,meta-iqa,0,custom,0.0,0.0,0.0,0.0,0.0,0.0,PIXEL_COUNT,10.0
onepixel,meta-iqa,1,custom,0.0,0.0,0.0,0.0,0.0,0.0,PIXEL_COUNT,20.0
onepixel,meta-iqa,2,custom,0.0,0.0,0.0,0.0,0.0,0.0,PIXEL_COUNT,40.0
onepixel,koncept,0,custom,0.0,0.0,0.0,0.0,0.0,0.0,PIXEL_COUNT,10.0
onepixel,koncept,1,custom,0.0,0.0,0.0,0.0,0.0,0.0,PIXEL_COUNT,20.0
onepixel,koncept,2,custom,0.0,0.0,0.0,0.0,0.0,0.0,PIXEL_COUNT,40.0
onepixel,paq2piq,0,custom,0.0,0.0,0.0,0.0,0.0,0.0,PIXEL_COUNT,10.0
onepixel,paq2piq,1,custom,0.0,0.0,0.0,0.0,0.0,0.0,PIXEL_COUNT,20.0
onepixel,paq2piq,2,custom,0.0,0.0,0.0,0.0,0.0,0.0,PIXEL_COUNT,40.0
onepixel,fpr,0,custom,0.0,0.0,0.0,0.0,0.0,0.0,PIXEL_COUNT,10.0
onepixel,fpr,1,custom,0.0,0.0,0.0,0.0,0.0,0.0,PIXEL_COUNT,20.0
onepixel,fpr,2,custom,0.0,0.0,0.0,0.0,0.0,0.0,PIXEL_COUNT,40.0
onepixel,maniqa,0,custom,0.0,0.0,0.0,0.0,0.0,0.0,PIXEL_COUNT,10.0
onepixel,maniqa,1,custom,0.0,0.0,0.0,0.0,0.0,0.0,PIXEL_COUNT,20.0
onepixel,maniqa,2,custom,0.0,0.0,0.0,0.0,0.0,0.0,PIXEL_COUNT,40.0
onepixel,linearity,0,custom,0.0,0.0,0.0,0.0,0.0,0.0,PIXEL_COUNT,10.0
onepixel,linearity,1,custom,0.0,0.0,0.0,0.0,0.0,0.0,PIXEL_COUNT,20.0
onepixel,linearity,2,custom,0.0,0.0,0.0,0.0,0.0,0.0,PIXEL_COUNT,40.0
cadv,koncept,2,0,0.8955349316727775,23.132758816058185,0.008340250736103751,0.5708780967391304,0.04359738663043478,0.10378225279632483,lr,5e-05
cadv,paq2piq,2,1,0.87521455169217,21.784482211474653,0.009798399261091233,0.6333268219148935,0.04984125417021276,0.20252299689829056,lr,0.00011
cadv,fpr,2,2,0.8980917498338385,24.975707005669506,0.006197080714549701,0.5177092877916667,0.03763680857083334,0.2656063022800641,lr,0.00023
